Слово на английском,Перевод на русском,Часть речи,Уровень CEFR
across,через,предлог,A1
address,адрес,существительное,A1
airport,аэропорт,существительное,A1
apartment,квартира,существительное,A1
bathroom,ванная комната,существительное,A1
beach,пляж,существительное,A1
bed,кровать,существительное,A1
behind,позади,предлог,A1
between,между,предлог,A1
bicycle,велосипед,существительное,A1
boat,лодка,существительное,A1
breakfast,завтрак,существительное,A1
bus,автобус,существительное,A1
cafe,кафе,существительное,A1
car,автомобиль,существительное,A1
card,банковская карта,существительное,A1
city,город,существительное,A1
doctor,врач,существительное,A1
drive,вести машину,глагол,A1
driver,водитель,существительное,A1
far,далеко,наречие,A1
flight,рейс,существительное,A1
floor,этаж,существительное,A1
help,помощь,существительное,A1
holiday,отпуск,существительное,A1
hospital,больница,существительное,A1
hotel,отель,существительное,A1
information,информация,существительное,A1
island,остров,существительное,A1
journey,путешествие,существительное,A1
key,ключ,существительное,A1
left,налево,наречие,A1
map,карта,существительное,A1
menu,меню,существительное,A1
mountain,гора,существительное,A1
museum,музей,существительное,A1
near,рядом с,предлог,A1
north,север,существительное,A1
opposite,напротив,предлог,A1
park,парк,существительное,A1
passport,паспорт,существительное,A1
photograph,фотография,существительное,A1
plan,планировать,глагол,A1
plane,самолёт,существительное,A1
police,полиция,существительное,A1
price,цена,существительное,A1
problem,проблема,существительное,A1
restaurant,ресторан,существительное,A1
ride,ехать на велосипеде или верхом,глагол,A1
right,направо,наречие,A1
road,дорога,существительное,A1
room,номер в отеле,существительное,A1
sea,море,существительное,A1
shower,душ,существительное,A1
south,юг,существительное,A1
station,станция,существительное,A1
stay,останавливаться,глагол,A1
stop,остановка,существительное,A1
street,улица,существительное,A1
taxi,такси,существительное,A1
ticket,билет,существительное,A1
toilet,туалет,существительное,A1
tourist,турист,существительное,A1
town,городок,существительное,A1
traffic,дорожное движение,существительное,A1
train,поезд,существительное,A1
travel,путешествовать,глагол,A1
trip,поездка,существительное,A1
vacation,отпуск,существительное,A1
visit,посещать,глагол,A1
walk,идти пешком,глагол,A1
water,вода,существительное,A1
window,окно,существительное,A1
accident,несчастный случай,существительное,A2
adventure,приключение,существительное,A2
airline,авиакомпания,существительное,A2
book,бронировать,глагол,A2
cash,наличные,существительное,A2
castle,замок,существительное,A2
coach,междугородный автобус,существительное,A2
corner,угол,существительное,A2
direction,направление,существительное,A2
elevator,лифт,существительное,A2
guest,гость,существительное,A2
guide,гид,существительное,A2
lake,озеро,существительное,A2
lost,потерявшийся,прилагательное,A2
luggage,багаж,существительное,A2
medicine,лекарство,существительное,A2
palace,дворец,существительное,A2
passenger,пассажир,существительное,A2
pilot,пилот,существительное,A2
platform,платформа,существительное,A2
railway,железная дорога,существительное,A2
reception,стойка регистрации,существительное,A2
route,маршрут,существительное,A2
safe,безопасный,прилагательное,A2
schedule,расписание,существительное,A2
seat,место,существительное,A2
sightseeing,осмотр достопримечательностей,существительное,A2
sign,указатель,существительное,A2
square,площадь,существительное,A2
straight,прямо,наречие,A2
subway,метро,существительное,A2
suitcase,чемодан,существительное,A2
tour,экскурсия,существительное,A2
view,вид,существительное,A2
accommodation,жильё,существительное,B1
arrival,прибытие,существительное,B1
attraction,достопримечательность,существительное,B1
connection,стыковка,существительное,B1
currency,валюта,существительное,B1
customs,таможня,существительное,B1
departure,отправление,существительное,B1
destination,место назначения,существительное,B1
emergency,чрезвычайная ситуация,существительное,B1
entrance,вход,существительное,B1
exchange,обмен валюты,существительное,B1
explore,исследовать,глагол,B1
gate,выход на посадку,существительное,B1
hostel,хостел,существительное,B1
location,местоположение,существительное,B1
rent,арендовать,глагол,B1
reservation,бронирование,существительное,B1
security,контроль безопасности,существительное,B1
booking,бронирование,существительное,B2
cancel,отменять,глагол,B2
crew,экипаж,существительное,B2
delay,задержка,существительное,B2
exit,выход,существительное,B2
fare,стоимость проезда,существительное,B2
immigration,иммиграционный контроль,существительное,B2
insurance,страховка,существительное,B2
landing,приземление,существительное,B2
monument,памятник,существительное,B2
pharmacy,аптека,существительное,B2
temple,храм,существительное,B2
terminal,терминал,существительное,B2
transfer,пересадка,существительное,B2
visa,виза,существительное,B2
